"","frame","sigma","lambda","rep","TP","FP","TN","FN","auc","Reach","KG","Sensitivity","X1.Specificity","avg_metric","Kappa"
"1",1,0.5,0.002,1,185,166,674,604,0.581799595630394,0.0459320102447225,0.157181467181467,0.23447401774398,0.197619047619048,0.101556738713095,0.962513294382519
"2",1,0.5,0.002,2,295,402,1288,1417,0.543540376320301,-0.0860177700702385,-0.380451308795507,0.17231308411215,0.237869822485207,-0.233234539432873,1.06530473119649
"3",1,0.5,0.002,3,940,439,1638,1137,0.682402283394094,0.305860805860806,0.532978723404255,0.452575830524795,0.211362542128069,0.419419764632531,0.758786711603274
"4",1,0.5,0.002,4,430,277,1317,1169,0.528699320387664,0.115152171321958,0.353793294622275,0.268918073796123,0.173776662484316,0.234472732972117,0.904941756995981
"5",1,0.5,0.002,5,376,244,935,853,0.665881637636121,0.124816054093803,0.323543211881689,0.305939788445891,0.206955046649703,0.224179632987746,0.902044507094582
"6",1,0.5,0.002,6,785,576,1362,1085,0.622676638907744,0.174409291149379,0.291987931612471,0.419786096256685,0.297213622291022,0.233198611380925,0.876839396310367
"7",1,0.5,0.002,7,3287,1421,4955,3043,0.688256118421965,0.381410004415729,0.570809821131036,0.519273301737757,0.222867001254705,0.476109912773383,0.703319469042482
"8",1,0.5,0.002,8,676,439,1923,1606,0.440379500579212,0.135568647986936,0.372586916112611,0.296231375985977,0.185859441151566,0.254077782049774,0.888663855474899
"9",1,0.5,0.002,9,500,450,1134,1065,0.57951459483009,0.0494446980069982,0.110795454545455,0.319488817891374,0.284090909090909,0.0801200762762264,0.964518467076473
"10",1,0.5,0.002,10,497,335,967,775,0.664270135930209,0.179650153167743,0.341486708268042,0.390723270440252,0.257296466973886,0.260568430717892,0.866039341781729
"11",2,0.5,0.2515,1,291,221,619,498,0.618020852193856,0.143473159824812,0.286659302896416,0.368821292775665,0.263095238095238,0.215066231360614,0.893135009871183
"12",2,0.5,0.2515,2,583,472,1218,1129,0.43980966239009,0.0849820833908813,0.1798552680991,0.34053738317757,0.279289940828402,0.13241867574499,0.93890516382136
"13",2,0.5,0.2515,3,1319,581,1496,758,0.735488460751208,0.49331550802139,0.559514783927218,0.635050553683197,0.279730380356283,0.526415145974304,0.644679826673086
"14",2,0.5,0.2515,4,825,380,1214,774,0.675992602026204,0.364431847334568,0.537949127409604,0.515947467166979,0.238393977415307,0.451190487372086,0.722553730874413
"15",2,0.5,0.2515,5,736,327,852,493,0.759025073309634,0.444902531544024,0.536864559132648,0.598860862489829,0.27735368956743,0.490883545338336,0.679411013797009
"16",2,0.5,0.2515,6,994,683,1255,876,0.66805668228451,0.276609923940601,0.336986833280384,0.531550802139037,0.352425180598555,0.306798378610493,0.820549451582281
"17",2,0.5,0.2515,7,4045,1733,4643,2285,0.721435289523708,0.504284933169877,0.57466077208568,0.639020537124803,0.271800501882058,0.539472852627779,0.63266441264197
"18",2,0.5,0.2515,8,1071,553,1809,1211,0.654122922759645,0.307101167645074,0.501148356604849,0.469325153374233,0.234123624047417,0.404124762124961,0.763644336327997
"19",2,0.5,0.2515,9,698,532,1052,867,0.621586673443702,0.165849925290638,0.246964631993285,0.446006389776358,0.335858585858586,0.206407278641961,0.889710606062136
"20",2,0.5,0.2515,10,647,417,885,625,0.692238718372315,0.277129303912163,0.370337395565495,0.508647798742138,0.320276497695853,0.323733349738829,0.811273157558511
"21",3,0.5,0.501,1,307,227,613,482,0.624255386565272,0.162877824574027,0.305479292694276,0.389100126742712,0.270238095238095,0.234178558634151,0.879960229025954
"22",3,0.5,0.501,2,630,480,1210,1082,0.579983790023779,0.117276202981386,0.228176951253874,0.367990654205608,0.284023668639053,0.17272657711763,0.916224755181382
"23",3,0.5,0.501,3,1343,593,1484,734,0.736560569262962,0.505390835579515,0.558451228592703,0.646605681271064,0.285507944150217,0.531921032086109,0.638902262879153
"24",3,0.5,0.501,4,873,391,1203,726,0.69721508816285,0.398395817835025,0.55071423335791,0.545966228893058,0.245294855708908,0.474555025596467,0.699427390535187
"25",3,0.5,0.501,5,750,339,840,479,0.758506781615621,0.452961176333837,0.528831212892282,0.610252237591538,0.287531806615776,0.490896194613059,0.678057213435402
"26",3,0.5,0.501,6,1008,695,1243,862,0.669124269465737,0.281298910261099,0.334708298524088,0.53903743315508,0.358617131062951,0.308003604392593,0.819296580626368
"27",3,0.5,0.501,7,4108,1776,4600,2222,0.722594578603412,0.513446253176729,0.57079188143464,0.648973143759874,0.278544542032622,0.542119067305684,0.629477225450957
"28",3,0.5,0.501,8,1162,576,1786,1120,0.664992141124331,0.350916123358913,0.521091988614917,0.50920245398773,0.243861134631668,0.436004055986915,0.733583144385473
"29",3,0.5,0.501,9,723,544,1040,842,0.625745272210927,0.180555419021873,0.256604775276974,0.461980830670926,0.343434343434343,0.218580097149424,0.881317976567457
"30",3,0.5,0.501,10,657,432,870,615,0.691162121168208,0.276431359791802,0.357616312101509,0.516509433962264,0.331797235023041,0.317023835946655,0.814981138853961
"31",4,0.5,0.7505,1,311,228,612,478,0.626645391997103,0.168468401302219,0.311391823610473,0.394169835234474,0.271428571428571,0.239930112456346,0.87606663772024
"32",4,0.5,0.7505,2,648,488,1202,1064,0.589045823425317,0.126183774705709,0.23711008839214,0.378504672897196,0.288757396449704,0.181646931548924,0.91044883184532
"33",4,0.5,0.7505,3,1350,598,1479,727,0.736709853129247,0.508451656524679,0.557037037037037,0.649975926817525,0.287915262397689,0.532744346780858,0.637939335580164
"34",4,0.5,0.7505,4,891,400,1194,708,0.70606197568587,0.408889349813483,0.549658018917743,0.557223264540338,0.250941028858218,0.479273684365613,0.693810264922481
"35",4,0.5,0.7505,5,754,344,835,475,0.758593048542054,0.454281022982513,0.52441825671623,0.613506916192026,0.291772688719254,0.489349639849372,0.678991314263365
"36",4,0.5,0.7505,6,1015,705,1233,855,0.669431659519986,0.281353682813537,0.329789992221934,0.542780748663102,0.363777089783282,0.305571837517735,0.820744081172492
"37",4,0.5,0.7505,7,4131,1797,4579,2199,0.722358751518828,0.516274274997438,0.568134726356735,0.65260663507109,0.281838143036386,0.542204500677087,0.62914654998209
"38",4,0.5,0.7505,8,1193,586,1776,1089,0.668081517839054,0.365328244546036,0.525438044250507,0.522787028921998,0.24809483488569,0.445383144398272,0.724278598515744
"39",4,0.5,0.7505,9,728,548,1036,837,0.626408856940007,0.182276388666165,0.256281912531913,0.46517571884984,0.345959595959596,0.219279150599039,0.8806516963696
"40",4,0.5,0.7505,10,663,436,866,609,0.690833647315692,0.280181053640682,0.357535570059289,0.52122641509434,0.334869431643625,0.318858311849985,0.813350556893083
"41",5,0.5,1,1,317,230,610,472,0.628857354094997,0.176213925076357,0.318499324019829,0.401774397972117,0.273809523809524,0.247356624548093,0.870832438557454
"42",5,0.5,1,2,669,490,1200,1043,0.595499052977935,0.142002531152648,0.258028851681835,0.390771028037383,0.289940828402367,0.200015691417242,0.89938134686826
"43",5,0.5,1,3,1354,604,1473,723,0.736428902747356,0.509164969450102,0.553914327917282,0.651901781415503,0.290804044294656,0.531539648683692,0.638902262879153
"44",5,0.5,1,4,905,400,1194,694,0.711386037226843,0.420577978489487,0.556624635199678,0.565978736710444,0.250941028858218,0.488601306844583,0.685053113481995
"45",5,0.5,1,5,761,346,833,468,0.758727624947291,0.461032256678098,0.526053282420457,0.61920260374288,0.293469041560645,0.493542769549278,0.674950638446159
"46",5,0.5,1,6,1015,706,1232,855,0.66918359519434,0.280770365997639,0.328839339728632,0.542780748663102,0.364293085655315,0.304804852863135,0.821262483441531
"47",5,0.5,1,7,4134,1814,4562,2196,0.721527410252903,0.515134087277759,0.564365554428526,0.653080568720379,0.284504391468005,0.539749820853143,0.631343569799769
"48",5,0.5,1,8,1215,588,1774,1067,0.670296696674857,0.377448825028383,0.532440597526683,0.532427695004382,0.248941574936494,0.454944711277533,0.715502583912936
"49",5,0.5,1,9,731,550,1034,834,0.626752952851196,0.183631296308885,0.256630946952424,0.467092651757189,0.347222222222222,0.220131121630654,0.879998966183708
"50",5,0.5,1,10,666,438,864,606,0.690906104783159,0.28206892033543,0.357495744592519,0.523584905660377,0.336405529953917,0.319782332463974,0.812535376845039
"51",6,1.625,0.002,1,563,172,668,226,0.813318546683566,0.639807836797887,0.713042375031718,0.713561470215463,0.204761904761905,0.676425105914802,0.490141113394206
"52",6,1.625,0.002,2,884,342,1348,828,0.684083116739479,0.393649990293685,0.608085892527243,0.516355140186916,0.202366863905325,0.500867941410464,0.686590819236425
"53",6,1.625,0.002,3,1648,457,1620,429,0.850076461620022,0.735185185185185,0.722694174757281,0.793452094366875,0.22002888781897,0.728939679971233,0.426576793452094
"54",6,1.625,0.002,4,1302,321,1273,297,0.841889496493652,0.767422392333779,0.752682871829268,0.814258911819887,0.20138017565872,0.760052632081523,0.387106836067619
"55",6,1.625,0.002,5,875,274,905,354,0.793088431881219,0.624753539013437,0.673577123470253,0.711960943856794,0.232400339270568,0.649165331241845,0.52110040654973
"56",6,1.625,0.002,6,1078,400,1538,792,0.724088591248489,0.466319895968791,0.641962047977086,0.576470588235294,0.20639834881321,0.554140971972938,0.628561743159005
"57",6,1.625,0.002,7,4962,1142,5234,1368,0.846114539416176,0.736732664839991,0.771511290070534,0.783886255924171,0.179109159347553,0.754121977455262,0.395145003769308
"58",6,1.625,0.002,8,1471,509,1853,811,0.759722854040865,0.546988019049574,0.665696551620923,0.644609991235758,0.215495342929721,0.606342285335248,0.569921480162529
"59",6,1.625,0.002,9,825,323,1261,740,0.636357182044083,0.406039630801661,0.61318105295378,0.527156549520767,0.203914141414141,0.509610341877721,0.676240207822348
"60",6,1.625,0.002,10,792,278,1024,480,0.798292902066487,0.520194575471698,0.657077689335754,0.622641509433962,0.213517665130568,0.588636132403726,0.590126270783503
"61",7,1.625,0.2515,1,494,176,664,295,0.783702999577524,0.527005359842411,0.665355696934644,0.626108998732573,0.20952380952381,0.596180528388528,0.581498668764509
"62",7,1.625,0.2515,2,925,349,1341,787,0.679518401260853,0.420666157909776,0.617791140252679,0.540303738317757,0.206508875739645,0.519228649081227,0.666760061253967
"63",7,1.625,0.2515,3,1723,455,1622,354,0.845189037649901,0.781750924784217,0.73592571096924,0.82956186807896,0.219065960519981,0.758838317876728,0.389504092441021
"64",7,1.625,0.2515,4,1308,324,1270,291,0.854508346260955,0.771582632846316,0.7515165816767,0.818011257035647,0.203262233375157,0.761549607261508,0.385231077439354
"65",7,1.625,0.2515,5,829,267,912,400,0.775380937493746,0.579247141450045,0.664266399015338,0.67453213995118,0.2264631043257,0.621756770232691,0.552956794526811
"66",7,1.625,0.2515,6,1086,420,1518,784,0.718022466515455,0.464750269493352,0.626829504700979,0.580748663101604,0.21671826625387,0.545789887097166,0.634722196072524
"67",7,1.625,0.2515,7,4962,1036,5340,1368,0.849325286272971,0.741958570743916,0.792719524092008,0.783886255924171,0.162484316185696,0.767339047417962,0.3784804707244
"68",7,1.625,0.2515,8,1418,493,1869,864,0.757248495570755,0.521514596050042,0.66410276008594,0.621384750219106,0.208721422523285,0.592808678067991,0.586197389365022
"69",7,1.625,0.2515,9,790,327,1257,775,0.615834866234227,0.375967425865632,0.591040947449175,0.504792332268371,0.206439393939394,0.483504186657404,0.701133953798111
"70",7,1.625,0.2515,10,713,270,1032,559,0.775167497512294,0.445558176100629,0.63004375618048,0.560534591194969,0.207373271889401,0.537800966140554,0.645911845740034
"71",8,1.625,0.501,1,461,178,662,328,0.763875309312572,0.472505255419112,0.637325689494887,0.584283903675539,0.211904761904762,0.554915472457,0.62545926381206
"72",8,1.625,0.501,2,917,339,1351,795,0.677767101697727,0.419108898220079,0.625503797435682,0.535630841121495,0.200591715976331,0.522306347827881,0.665540717718273
"73",8,1.625,0.501,3,1710,450,1627,367,0.84384571466058,0.774431468961278,0.736842105263158,0.823302840635532,0.216658642272508,0.755636787112218,0.393355801636976
"74",8,1.625,0.501,4,1305,323,1271,294,0.855730879478469,0.769409382043951,0.751714042602287,0.816135084427767,0.202634880803011,0.760561712323119,0.386482345054907
"75",8,1.625,0.501,5,801,264,915,428,0.765329115225698,0.551270525150396,0.656434545876179,0.651749389747762,0.223918575063613,0.603852535513287,0.573376340504483
"76",8,1.625,0.501,6,1095,409,1529,775,0.715590111642743,0.474701230750937,0.639589842185372,0.585561497326203,0.211042311661507,0.557145536468154,0.624190390118994
"77",8,1.625,0.501,7,4954,1016,5360,1376,0.848105913070539,0.741418028341704,0.796392811355056,0.7826224328594,0.159347553324969,0.76890541984838,0.376597227385148
"78",8,1.625,0.501,8,1362,480,1882,920,0.748765510889997,0.494021036043294,0.659513516134687,0.596844872918493,0.203217612193057,0.576767276088991,0.605083235240905
"79",8,1.625,0.501,9,769,314,1270,796,0.612119195146352,0.365618978138915,0.596575310977132,0.491373801916933,0.198232323232323,0.481097144558023,0.706316044295523
"80",8,1.625,0.501,10,656,266,1036,616,0.76436650436194,0.391381947985722,0.603855232100708,0.515723270440252,0.204301075268817,0.497618590043215,0.687587452616582
"81",9,1.625,0.7505,1,426,178,662,363,0.752177258736194,0.416217706454688,0.60752850435949,0.539923954372624,0.211904761904762,0.511873105407089,0.66962924127241
"82",9,1.625,0.7505,2,913,330,1360,799,0.67759705248023,0.42004964953271,0.633849005489413,0.533294392523365,0.195266272189349,0.526949327511062,0.662573543897249
"83",9,1.625,0.7505,3,1702,440,1637,375,0.843580063556911,0.770922419059255,0.741480611045828,0.819451131439576,0.211844005777564,0.756201515052542,0.392392874337987
"84",9,1.625,0.7505,4,1304,323,1271,295,0.855569627504016,0.768625060214168,0.751523639260725,0.815509693558474,0.202634880803011,0.760074349737446,0.387108354886501
"85",9,1.625,0.7505,5,784,259,920,445,0.758977108898537,0.535982771429582,0.655632800193869,0.637917005695688,0.219677692960136,0.595807785811726,0.583098577984523
"86",9,1.625,0.7505,6,1094,403,1535,776,0.714675391687776,0.476079360379035,0.644552423105295,0.585026737967914,0.207946336429309,0.560315891742165,0.621595413163618
"87",9,1.625,0.7505,7,4915,999,5377,1415,0.847259061429016,0.734929741415149,0.798211055956276,0.776461295418641,0.15668130489335,0.766570398685712,0.380073045913271
"88",9,1.625,0.7505,8,1340,473,1889,942,0.743232572998862,0.483841363974001,0.658970389374044,0.587204206836109,0.200254022015241,0.571405876674023,0.611698344765648
"89",9,1.625,0.7505,9,760,308,1276,805,0.610305531351857,0.361463038448827,0.599597953216374,0.485623003194888,0.194444444444444,0.4805304958326,0.708265795718561
"90",9,1.625,0.7505,10,648,256,1046,624,0.75827222753577,0.389371910963599,0.614041076406668,0.509433962264151,0.196620583717358,0.501706493685133,0.686140514132837
"91",10,1.625,1,1,420,178,662,369,0.744403705715493,0.406568412346502,0.601921768707483,0.532319391634981,0.211904761904762,0.504245090526992,0.677213270617634
"92",10,1.625,1,2,912,324,1366,800,0.677918486976718,0.421874358588415,0.640112114606042,0.532710280373832,0.191715976331361,0.530993236597229,0.659621682267754
"93",10,1.625,1,3,1698,432,1645,379,0.843469723307917,0.769604863221884,0.745583038869258,0.817525276841598,0.207992296581608,0.757593951045571,0.39046701974001
"94",10,1.625,1,4,1300,322,1272,299,0.85527497973561,0.765672137853454,0.751530740276035,0.813008130081301,0.202007528230866,0.758601439064745,0.38898561391993
"95",10,1.625,1,5,778,258,921,451,0.754435327755659,0.530236971346637,0.654316869117003,0.633034987794955,0.21882951653944,0.59227692023182,0.587169215361504
"96",10,1.625,1,6,1095,395,1543,775,0.714284945613483,0.479467389383138,0.651926620203477,0.585561497326203,0.203818369453044,0.565697004793307,0.616891064871481
"97",10,1.625,1,7,4885,989,5387,1445,0.846590430445133,0.729812364973192,0.799004133977338,0.77172195892575,0.155112923462986,0.764408249475265,0.383230690411938
"98",10,1.625,1,8,1330,463,1899,952,0.739537639858674,0.481108881975337,0.663670395293908,0.582822085889571,0.196020321761219,0.572389638634623,0.61178946411933
"99",10,1.625,1,9,757,291,1293,808,0.609023138735599,0.367509988658518,0.620198851126856,0.48370607028754,0.183712121212121,0.493854419892687,0.699410500642974
"100",10,1.625,1,10,646,249,1053,626,0.7546004453719,0.391487036141124,0.623432395029319,0.507861635220126,0.191244239631336,0.507459715585222,0.682297791745356
"101",11,2.75,0.002,1,619,319,521,170,0.79817882793168,0.652613064959897,0.515941610893146,0.784537389100127,0.379761904761905,0.584277337926521,0.59753180323737
"102",11,2.75,0.002,2,1118,550,1140,594,0.735535447658021,0.48564313821938,0.50164600776958,0.65303738317757,0.325443786982249,0.49364457299448,0.672461195868081
"103",11,2.75,0.002,3,1778,692,1385,299,0.825274940779044,0.784115523465704,0.610798650168729,0.856042368801155,0.333172845450169,0.697457086817216,0.477130476649013
"104",11,2.75,0.002,4,1400,647,947,199,0.812221879578124,0.790519814060134,0.536407510306507,0.875547217010632,0.405897114178168,0.66346366218332,0.530143432118401
"105",11,2.75,0.002,5,984,486,693,245,0.777922016078775,0.660847695835491,0.485151740830385,0.800650935720098,0.412213740458015,0.572999718332938,0.609940913368714
"106",11,2.75,0.002,6,1273,583,1355,597,0.758484544957865,0.543388124790339,0.558095946858505,0.680748663101604,0.300825593395253,0.550742035824422,0.620027022969524
"107",11,2.75,0.002,7,5344,2143,4233,986,0.861274643162253,0.765375562280718,0.601882632946153,0.844233807266983,0.336104140526976,0.683629097613436,0.492205142530741
"108",11,2.75,0.002,8,1766,806,1556,516,0.804587089922903,0.656754887360341,0.559059399341978,0.773882559158633,0.341236240474174,0.60790714335116,0.568282779962693
"109",11,2.75,0.002,9,971,492,1092,594,0.708779891567431,0.449440016852158,0.499383640732765,0.620447284345048,0.310606060606061,0.474411828792461,0.690037615148723
"110",11,2.75,0.002,10,898,402,900,374,0.788031717048759,0.574643605870021,0.562653310480022,0.705974842767296,0.308755760368664,0.568648458175022,0.602881627271871
"111",12,2.75,0.2515,1,518,225,615,271,0.769424829500875,0.530866487372098,0.592009100937672,0.656527249683143,0.267857142857143,0.561437794154885,0.610640777403425
"112",12,2.75,0.2515,2,1082,449,1241,630,0.750232953602831,0.49886848863217,0.579625720504435,0.632009345794392,0.265680473372781,0.539247104568303,0.633923042091742
"113",12,2.75,0.2515,3,1766,558,1519,311,0.851974035734014,0.795260039499671,0.684031710079275,0.850264805007222,0.26865671641791,0.739645874789473,0.418391911410688
"114",12,2.75,0.2515,4,1372,438,1156,227,0.858499626884118,0.804247247955578,0.679756631098397,0.858036272670419,0.274780426599749,0.742001939526988,0.416623418515676
"115",12,2.75,0.2515,5,821,374,805,408,0.768965438708729,0.513787404798124,0.525138977993903,0.668022782750203,0.317217981340119,0.519463191396013,0.649400865336268
"116",12,2.75,0.2515,6,1191,520,1418,679,0.766237727852188,0.503744069752532,0.578711682649108,0.636898395721925,0.268317853457172,0.54122787620082,0.630868825812028
"117",12,2.75,0.2515,7,5037,1485,4891,1293,0.877224041676825,0.733715761903331,0.707308638783168,0.795734597156398,0.232904642409034,0.72051220034325,0.437231620580621
"118",12,2.75,0.2515,8,1650,629,1733,632,0.81131407228533,0.622529715230412,0.631699381623175,0.723049956178791,0.266299745977985,0.627114548426793,0.543239620895427
"119",12,2.75,0.2515,9,840,407,1177,725,0.685805337722271,0.376548923591413,0.521288029100529,0.536741214057508,0.256944444444444,0.448918476345971,0.719861838276307
"120",12,2.75,0.2515,10,737,353,949,535,0.776420407887237,0.422952661192516,0.532067354888732,0.57940251572327,0.271121351766513,0.477510008040624,0.691209824036811
"121",13,2.75,0.501,1,459,212,628,330,0.757382762991128,0.440556053377249,0.566168689698102,0.581749049429658,0.252380952380952,0.503362371537675,0.66912971712055
"122",13,2.75,0.501,2,1059,425,1265,653,0.751587471658464,0.490427948727421,0.593453688027669,0.61857476635514,0.251479289940828,0.541940818377545,0.633222459655196
"123",13,2.75,0.501,3,1754,535,1542,323,0.856051988801856,0.7905317769131,0.694982896237172,0.844487241213288,0.257583052479538,0.742757336575136,0.41309581126625
"124",13,2.75,0.501,4,1337,417,1177,262,0.862888740845714,0.778096229429715,0.687129371643288,0.836147592245153,0.261606022584693,0.732612800536502,0.425371068370442
"125",13,2.75,0.501,5,784,349,830,445,0.763019232003511,0.485667650259296,0.535968522268958,0.637917005695688,0.296013570822731,0.510818086264127,0.658661931898434
"126",13,2.75,0.501,6,1153,498,1440,717,0.762764827293146,0.483977272727273,0.583238234354316,0.616577540106952,0.256965944272446,0.533607753540794,0.639648024367544
"127",13,2.75,0.501,7,4957,1366,5010,1373,0.876953105643002,0.72395657342503,0.726418212942472,0.783096366508689,0.214240903387704,0.725187393183751,0.431142267654204
"128",13,2.75,0.501,8,1546,588,1774,736,0.802653168299418,0.570573884930543,0.632545489000595,0.677475898334794,0.248941574936494,0.601559686965569,0.570994494224173
"129",13,2.75,0.501,9,831,381,1203,734,0.684367234646787,0.382451220192331,0.547015734966999,0.530990415335463,0.240530303030303,0.464733477579665,0.70914642533052
"130",13,2.75,0.501,10,673,332,970,599,0.770444478257929,0.367909939700447,0.518053149458029,0.529088050314465,0.254992319508449,0.442981544579238,0.725239825462628
"131",14,2.75,0.7505,1,449,209,631,340,0.750930955398636,0.426343603309371,0.562782373528476,0.569074778200254,0.248809523809524,0.494562988418923,0.678112339716978
"132",14,2.75,0.7505,2,1041,402,1288,671,0.752303959519991,0.485731881639287,0.608805825077162,0.608060747663551,0.237869822485207,0.547268853358225,0.630187287720385
"133",14,2.75,0.7505,3,1741,521,1556,336,0.85829588294105,0.784061696658098,0.700746697300402,0.83822821376986,0.250842561386615,0.74240419697925,0.412614347616755
"134",14,2.75,0.7505,4,1332,400,1194,267,0.86475314323648,0.777081153107627,0.698757728870652,0.833020637898687,0.250941028858218,0.73791944098914,0.417844446881633
"135",14,2.75,0.7505,5,764,334,845,465,0.758999883367115,0.472092093923477,0.54428724316019,0.621643612693247,0.283290924512299,0.508189668541833,0.662410329788069
"136",14,2.75,0.7505,6,1144,480,1458,726,0.761018995270498,0.483950617283951,0.595141700404858,0.611764705882353,0.247678018575851,0.539546158844405,0.635071090047393
"137",14,2.75,0.7505,7,4932,1316,5060,1398,0.876341758985612,0.721707659741865,0.73509617879701,0.77914691943128,0.206398996235885,0.728401919269438,0.42722531142003
"138",14,2.75,0.7505,8,1520,563,1799,762,0.79707774498505,0.561582318349029,0.64215038548955,0.666082383873795,0.238357324301439,0.601866351919289,0.571642347890907
"139",14,2.75,0.7505,9,805,361,1223,760,0.683215945396457,0.371032839688714,0.55693189660581,0.514376996805112,0.22790404040404,0.463982368147262,0.713088335970526
"140",14,2.75,0.7505,10,663,320,982,609,0.767659092446067,0.365210582945856,0.52846647343801,0.52122641509434,0.245775729646697,0.446838528191933,0.72382642303075
"141",15,2.75,1,1,446,205,635,343,0.746510048886475,0.424927397383312,0.568265534913517,0.565272496831432,0.244047619047619,0.496596466148414,0.677060437685156
"142",15,2.75,1,2,1035,389,1301,677,0.752657537466128,0.486318037167671,0.619261927221793,0.604556074766355,0.230177514792899,0.552789982194732,0.626030917869059
"143",15,2.75,1,3,1730,509,1568,347,0.859810511485006,0.778698979591837,0.705780346820809,0.832932113625421,0.245064997592682,0.742239663206323,0.41213288396726
"144",15,2.75,1,4,1325,386,1208,274,0.865817563204104,0.773888067459381,0.707765441159063,0.828642901813634,0.242158092848181,0.740826754309222,0.413450755456291
"145",15,2.75,1,5,749,325,854,480,0.756283510387573,0.460805704453079,0.547686426119757,0.609438567941416,0.275657336726039,0.504246065286418,0.667109010741528
"146",15,2.75,1,6,1127,468,1470,743,0.759901188170174,0.476178107606679,0.599308831083921,0.602673796791444,0.241486068111455,0.5377434693453,0.637878004044584
"147",15,2.75,1,7,4880,1278,5098,1450,0.875778876057728,0.713507821733518,0.740004139498529,0.770932069510269,0.200439146800502,0.726755980616023,0.429451153435845
"148",15,2.75,1,8,1491,553,1809,791,0.7931336506073,0.547412901409788,0.641669946293624,0.653374233128834,0.234123624047417,0.594541423851706,0.580007597716522
"149",15,2.75,1,9,795,346,1238,770,0.681910962661761,0.370477994497979,0.570000317641827,0.507987220447284,0.218434343434343,0.470239156069903,0.709975870044106
"150",15,2.75,1,10,659,311,991,613,0.766083142528669,0.366844049273652,0.538946735383174,0.518081761006289,0.238863287250384,0.452895392328413,0.720015693739578
"151",16,3.875,0.002,1,623,362,478,166,0.763068078942604,0.630271886981561,0.454219215776198,0.789607097591889,0.430952380952381,0.54224555137888,0.644029723342888
"152",16,3.875,0.002,2,1240,628,1062,472,0.733880578443842,0.561266874350987,0.486955525863714,0.724299065420561,0.371597633136095,0.52411120010735,0.647089256886584
"153",16,3.875,0.002,3,1783,853,1224,294,0.797178279939239,0.759803921568627,0.521592821088054,0.858449687048628,0.410688493018777,0.640698371328341,0.552238805970149
"154",16,3.875,0.002,4,1418,758,836,181,0.780912317375273,0.784169831024773,0.463767513223955,0.886804252657911,0.475533249686324,0.623968672124364,0.588496105875742
"155",16,3.875,0.002,5,1048,546,633,181,0.742720279145971,0.725693065297953,0.456912961560127,0.852725793327909,0.463104325699746,0.59130301342904,0.607909347119801
"156",16,3.875,0.002,6,1309,701,1237,561,0.739410357444413,0.529991915925626,0.483266991006929,0.7,0.36171310629515,0.506629453466278,0.662156844373653
"157",16,3.875,0.002,7,5622,2656,3720,708,0.853954588296158,0.808294348468634,0.530978629840557,0.888151658767772,0.416562107904642,0.669636489154596,0.528933383399888
"158",16,3.875,0.002,8,1860,886,1476,422,0.805931224819502,0.704069078377024,0.539789498602424,0.815074496056091,0.375105842506351,0.621929288489724,0.561541118254409
"159",16,3.875,0.002,9,1008,604,980,557,0.721807128795947,0.424732346612766,0.407981100689434,0.64408945686901,0.381313131313131,0.4163567236511,0.737270996103301
"160",16,3.875,0.002,10,869,478,824,403,0.746879498401105,0.49938747939183,0.462616599407126,0.683176100628931,0.367127496159754,0.481002039399478,0.684165938058336
"161",17,3.875,0.2515,1,467,248,592,322,0.747213169171344,0.420922823964649,0.501193025390028,0.591888466413181,0.295238095238095,0.461057924677338,0.702502598835177
"162",17,3.875,0.2515,2,1142,481,1209,570,0.774916357905215,0.53459451311426,0.573326148457497,0.667056074766355,0.284615384615385,0.553960330785878,0.617688672644708
"163",17,3.875,0.2515,3,1789,623,1454,288,0.845200164397699,0.801925722145805,0.65176076020123,0.861338468945595,0.299951853635051,0.726843241173517,0.438613384689456
"164",17,3.875,0.2515,4,1353,508,1086,246,0.860331072666966,0.774188978608868,0.62336032850462,0.846153846153846,0.318695106649937,0.698774653556744,0.472405677685506
"165",17,3.875,0.2515,5,788,415,764,441,0.74755812838037,0.446258397624596,0.451015658972802,0.641171684296176,0.351993214588634,0.448637028298699,0.710951194123235
"166",17,3.875,0.2515,6,1205,539,1399,665,0.768596408447984,0.507375398011567,0.568391934192327,0.644385026737968,0.2781217750258,0.537883666101947,0.633303276224827
"167",17,3.875,0.2515,7,5074,1753,4623,1256,0.872317386387738,0.726340616445214,0.657005737914499,0.801579778830964,0.274937264742785,0.691673177179857,0.473506602217589
"168",17,3.875,0.2515,8,1632,647,1715,650,0.815763168069366,0.607704356313704,0.616981392472315,0.715162138475022,0.273920406435224,0.612342874393009,0.558748444330983
"169",17,3.875,0.2515,9,863,448,1136,702,0.721187110723852,0.374539891103811,0.487107459297494,0.551437699680511,0.282828282828283,0.430823675200653,0.731128866118834
"170",17,3.875,0.2515,10,692,368,934,580,0.765312678124608,0.364369116399337,0.480461362243947,0.544025157232704,0.282642089093702,0.422415239321642,0.738114078709518
"171",18,3.875,0.501,1,452,235,605,337,0.741982014605589,0.40696980171574,0.511654551201011,0.572877059569075,0.279761904761905,0.459312176458376,0.705729983231312
"172",18,3.875,0.501,2,1129,445,1245,583,0.779263673063098,0.537744435686672,0.600714880949261,0.65946261682243,0.263313609467456,0.569229658317967,0.604058728795584
"173",18,3.875,0.501,3,1754,589,1488,323,0.849100089500778,0.782930107526882,0.664196123147092,0.844487241213288,0.283582089552239,0.723563115336987,0.439094848338951
"174",18,3.875,0.501,4,1335,466,1128,264,0.863496084048766,0.766689287187471,0.649841399630637,0.834896810506567,0.292346298619824,0.708265343409054,0.457341970198968
"175",18,3.875,0.501,5,761,377,802,468,0.74668924789733,0.440199338918773,0.483589848186452,0.61920260374288,0.319762510602205,0.461894593552612,0.70102930820401
"176",18,3.875,0.501,6,1168,504,1434,702,0.767405754871608,0.492658805629517,0.583633741888969,0.624598930481283,0.260061919504644,0.538146273759243,0.634784570268441
"177",18,3.875,0.501,7,5024,1579,4797,1306,0.873159827730768,0.725768046840755,0.687976071194527,0.793680884676145,0.247647427854454,0.706872059017641,0.454051478856441
"178",18,3.875,0.501,8,1587,609,1753,695,0.808324137434593,0.589637996313319,0.629254308530306,0.6954425942156,0.257832345469941,0.609446152421812,0.562110286107639
"179",18,3.875,0.501,9,854,416,1168,711,0.721512650466325,0.383876756094359,0.518723535116978,0.545686900958467,0.262626262626263,0.451300145605668,0.716618995358736
"180",18,3.875,0.501,10,668,348,954,604,0.766070462471862,0.351944147778964,0.491045558652281,0.525157232704403,0.267281105990783,0.421494853215623,0.74152456206606
"181",19,3.875,0.7505,1,449,226,614,340,0.739478846037781,0.410460608612725,0.527219217308304,0.569074778200254,0.269047619047619,0.468839912960514,0.698651063191347
"182",19,3.875,0.7505,2,1110,425,1265,602,0.781177418016922,0.530226072180562,0.612132842902074,0.648364485981308,0.251479289940828,0.571179457541318,0.603381703748963
"183",19,3.875,0.7505,3,1720,554,1523,357,0.851289740744458,0.765594221930401,0.677906976744186,0.828117477130477,0.266730861819933,0.721750599337293,0.438613384689456
"184",19,3.875,0.7505,4,1333,445,1149,266,0.864642503195614,0.769218250527554,0.665119385241542,0.83364602876798,0.279171894604768,0.717168817884548,0.445428498384352
"185",19,3.875,0.7505,5,746,357,822,483,0.746039140339726,0.436314017093002,0.501152883231348,0.60699755899105,0.302798982188295,0.468733450162175,0.696461294047892
"186",19,3.875,0.7505,6,1153,487,1451,717,0.766995441576574,0.48788922999812,0.592443815523197,0.616577540106952,0.251289989680083,0.540166522760658,0.633922527265889
"187",19,3.875,0.7505,7,4986,1496,4880,1344,0.873696124982904,0.722588765441691,0.702124543451904,0.787677725118483,0.234629861982434,0.712356654446797,0.447000037855912
"188",19,3.875,0.7505,8,1527,582,1780,755,0.804308430072704,0.560973027799387,0.631769553623265,0.669149868536372,0.246401354784081,0.596371290711326,0.57670804753487
"189",19,3.875,0.7505,9,838,378,1206,727,0.721012844095911,0.389862190644223,0.554336623996528,0.535463258785942,0.238636363636364,0.472099407320376,0.702775580257989
"190",19,3.875,0.7505,10,665,333,969,607,0.766552304630515,0.358806978600775,0.510786182044974,0.522798742138365,0.255760368663594,0.434796580322875,0.732297277174683
"191",20,3.875,1,1,448,218,622,341,0.737983583801074,0.416331470908268,0.542936862244898,0.567807351077313,0.259523809523809,0.479634166576583,0.690250574759693
"192",20,3.875,1,2,1096,408,1282,616,0.782236423712879,0.525675419540146,0.62289120200406,0.64018691588785,0.241420118343195,0.574283310772103,0.601548297259812
"193",20,3.875,1,3,1673,535,1542,404,0.852917723031603,0.738002594033722,0.680215182307232,0.805488685604237,0.257583052479538,0.709108888170477,0.452094366875301
"194",20,3.875,1,4,1331,426,1168,268,0.865400112837148,0.771265431305525,0.678935942164786,0.832395247029393,0.267252195734002,0.725100686735155,0.43476935235329
"195",20,3.875,1,5,729,346,833,500,0.745548454062172,0.424179761408225,0.505249036929997,0.593165174938975,0.293469041560645,0.464714399169111,0.70109805546512
"196",20,3.875,1,6,1147,471,1467,723,0.766973366886862,0.489235917456776,0.603771853347405,0.613368983957219,0.243034055727554,0.546503885402091,0.628787451334424
"197",20,3.875,1,7,4941,1448,4928,1389,0.874136287638677,0.716092971010033,0.709056198144377,0.780568720379147,0.227101631116688,0.712574584577205,0.446551518965987
"198",20,3.875,1,8,1508,561,1801,774,0.801626839210669,0.555172630260431,0.640584115875365,0.660823838737949,0.237510584250635,0.597878373067898,0.576016563214709
"199",20,3.875,1,9,815,360,1224,750,0.720320618323813,0.379815824093216,0.563580591187953,0.520766773162939,0.227272727272727,0.471698207640584,0.706066647678724
"200",20,3.875,1,10,664,324,978,608,0.767034146789168,0.363660917544469,0.523291321969907,0.522012578616352,0.248847926267281,0.443476119757188,0.726130890546794
"201",21,5,0.002,1,654,368,472,135,0.753423562073752,0.695495263259651,0.471472258628222,0.828897338403042,0.438095238095238,0.583483760943936,0.612670227298727
"202",21,5,0.002,2,1341,665,1025,371,0.737999087540784,0.64270002279462,0.497645932338756,0.783294392523365,0.393491124260355,0.570172977566688,0.609760536683499
"203",21,5,0.002,3,1758,861,1216,319,0.783037110717399,0.737664473684211,0.510238907849829,0.846413095811266,0.414540202214733,0.62395169076702,0.568127106403467
"204",21,5,0.002,4,1411,786,808,188,0.765647915141443,0.768054291357841,0.441200924444697,0.882426516572858,0.493099121706399,0.604627607901269,0.61044411145714
"205",21,5,0.002,5,1080,563,616,149,0.720877493372975,0.767957530671119,0.456596142367983,0.878763222131814,0.477523324851569,0.612276836519551,0.595873466695305
"206",21,5,0.002,6,1307,741,1197,563,0.726305441962881,0.512554112554113,0.452945677123183,0.698930481283423,0.382352941176471,0.482749894838648,0.683950247265098
"207",21,5,0.002,7,5812,2870,3506,518,0.848238222025328,0.851179607245174,0.509756670964154,0.918167456556082,0.450125470514429,0.680468139104664,0.532584506980917
"208",21,5,0.002,8,1985,941,1421,297,0.807396137054636,0.783665081372995,0.542000652651021,0.869851007887818,0.398391193903472,0.662832867012008,0.530782644404086
"209",21,5,0.002,9,1180,647,937,385,0.722940668667506,0.584125804262806,0.458271807053587,0.753993610223642,0.408459595959596,0.521198805658196,0.654812571203357
"210",21,5,0.002,10,931,519,783,341,0.731782381242211,0.55422419817345,0.455379726472204,0.731918238993711,0.398617511520737,0.504801962322827,0.667235747950041
"211",22,5,0.2515,1,453,254,586,336,0.731024805359406,0.389558649865687,0.473336486912646,0.574144486692015,0.302380952380952,0.431447568389167,0.727376341254092
"212",22,5,0.2515,2,1156,478,1212,556,0.784188533429188,0.547149224268221,0.581122417640916,0.675233644859813,0.282840236686391,0.564135820954569,0.607722921298155
"213",22,5,0.2515,3,1747,617,1460,330,0.837815249161495,0.773972602739726,0.646823125357756,0.841116995666827,0.297063071738084,0.710397864048741,0.455946076071257
"214",22,5,0.2515,4,1334,499,1095,265,0.860045841072251,0.758747619088414,0.624763684657044,0.834271419637273,0.313048933500627,0.691755651872729,0.478657855813919
"215",22,5,0.2515,5,777,401,778,452,0.736883113835766,0.442659298319741,0.462025820804447,0.632221318144833,0.340118744698897,0.452342559562094,0.708154228258816
"216",22,5,0.2515,6,1188,533,1405,682,0.765882049414193,0.496939501779359,0.567089018843405,0.635294117647059,0.275025799793602,0.532014260311382,0.639227365394914
"217",22,5,0.2515,7,5061,1791,4585,1269,0.869783025702625,0.721216619204391,0.648670473671645,0.799526066350711,0.280897114178168,0.684943546438018,0.481525279620181
"218",22,5,0.2515,8,1619,644,1718,663,0.810949885011068,0.600557177240723,0.615696123353132,0.709465381244522,0.272650296359018,0.608126650296928,0.563123315651462
"219",22,5,0.2515,9,871,453,1131,694,0.730952092813115,0.378934076829857,0.486146627004836,0.556549520766773,0.285984848484849,0.432540351917347,0.72918521054779
"220",22,5,0.2515,10,677,368,934,595,0.760543769140848,0.347930386651044,0.468950166429558,0.532232704402516,0.282642089093702,0.408440276540301,0.749895174011142
"221",23,5,0.501,1,449,234,606,340,0.727678194218118,0.402677910376589,0.510483614381165,0.569074778200254,0.278571428571429,0.456580762378877,0.708307009849149
"222",23,5,0.501,2,1144,447,1243,568,0.78858043466239,0.548913166066421,0.604179252699963,0.668224299065421,0.264497041420118,0.576546209383192,0.596458384218121
"223",23,5,0.501,3,1668,584,1493,409,0.838280486303785,0.726054922973878,0.649880095923261,0.803081367356765,0.281174771304767,0.68796750944857,0.478093403948002
"224",23,5,0.501,4,1332,456,1138,267,0.859731968615893,0.766111508620832,0.656583810912544,0.833020637898687,0.286072772898369,0.711347659766688,0.452950722501588
"225",23,5,0.501,5,753,375,804,476,0.736192288288885,0.432046439891673,0.480872101078299,0.612693246541904,0.318066157760814,0.456459270484986,0.705885432885342
"226",23,5,0.501,6,1164,496,1442,706,0.765423447735413,0.49259866347245,0.588834629529149,0.622459893048128,0.25593395252838,0.5407166465008,0.632750517014476
"227",23,5,0.501,7,5021,1625,4751,1309,0.870399823290737,0.722476851136021,0.678694214537337,0.793206951026856,0.254861982434128,0.700585532836679,0.461751958538371
"228",23,5,0.501,8,1540,593,1769,742,0.804238857873087,0.565849479966845,0.62797706104226,0.674846625766871,0.251058425063506,0.596913270504553,0.575742683489459
"229",23,5,0.501,9,856,413,1171,709,0.731478119856714,0.387183887505013,0.523310647361465,0.546964856230032,0.260732323232323,0.455247267433239,0.713442411358287
"230",23,5,0.501,10,666,347,955,606,0.763468635577583,0.350479106984096,0.490984071629233,0.523584905660377,0.266513056835638,0.420731589306664,0.742323691382526
"231",24,5,0.7505,1,449,227,613,340,0.726274971332006,0.409498880404915,0.525127266942412,0.569074778200254,0.270238095238095,0.467313073673663,0.699858383020511
"232",24,5,0.7505,2,1137,423,1267,575,0.790567798484765,0.552003961082548,0.623125322009024,0.664135514018692,0.250295857988166,0.587564641545786,0.586399359989388
"233",24,5,0.7505,3,1658,546,1531,419,0.838729496938869,0.726322664924886,0.670687575392039,0.79826673086182,0.262879152623977,0.698505120158462,0.464612421762157
"234",24,5,0.7505,4,1330,430,1164,269,0.859653500501804,0.769622981717525,0.675677587947283,0.8317698561601,0.269761606022585,0.722650284832404,0.437902985143444
"235",24,5,0.7505,5,736,353,826,493,0.735995599696616,0.427429729873497,0.500040334476528,0.598860862489829,0.299406276505513,0.463735032175012,0.701266995802384
"236",24,5,0.7505,6,1152,475,1463,718,0.765793750655342,0.4913813459268,0.602141203703704,0.616042780748663,0.245098039215686,0.546761274815252,0.628207659830555
"237",24,5,0.7505,7,4971,1525,4851,1359,0.870792984057514,0.717815743272751,0.695433956092135,0.785308056872038,0.239178168130489,0.706624849682443,0.453921769398981
"238",24,5,0.7505,8,1504,568,1794,778,0.800803846470667,0.551129141153148,0.63513160502279,0.659070990359334,0.24047417442845,0.593130373087969,0.580749817343419
"239",24,5,0.7505,9,835,375,1209,730,0.731613660567335,0.388864665170962,0.55628515695881,0.533546325878594,0.236742424242424,0.472574911064886,0.702791761551551
"240",24,5,0.7505,10,665,331,971,607,0.765176820373108,0.360127664535686,0.513724403173833,0.522798742138365,0.254224270353303,0.436926033854759,0.7307524679117
"241",25,5,1,1,445,217,623,344,0.725692558392178,0.412141667022686,0.541966292134831,0.564005069708492,0.258333333333333,0.477053979578759,0.692827299792349
"242",25,5,1,2,1120,402,1288,592,0.791688671680584,0.546279096766703,0.636398985629755,0.654205607476635,0.237869822485207,0.591339041198229,0.583964743711512
"243",25,5,1,3,1649,526,1551,428,0.839265203483877,0.724049000644745,0.681018799272286,0.79393355801637,0.253249879634088,0.702533899958516,0.459316321617718
"244",25,5,1,4,1326,418,1176,273,0.859771595013508,0.768583042973287,0.683777400546166,0.829268292682927,0.262233375156838,0.726180221759726,0.432884425336485
"245",25,5,1,5,720,344,835,509,0.735874825999609,0.41521903304863,0.501960229950052,0.585842148087876,0.291772688719254,0.458589631499341,0.706765323621789
"246",25,5,1,6,1135,458,1480,735,0.766202684282269,0.48531941031941,0.610634515804931,0.606951871657754,0.236326109391125,0.547976963062171,0.628408567155475
"247",25,5,1,7,4908,1460,4916,1422,0.871141447192374,0.708638395181225,0.704672626260457,0.775355450236967,0.228983688833124,0.706655510720841,0.453640070053845
"248",25,5,1,8,1470,545,1817,812,0.798788293466298,0.537442896164716,0.641808798032337,0.644171779141104,0.2307366638442,0.589625847098526,0.585744071276297
"249",25,5,1,9,815,358,1226,750,0.731603575693033,0.3808275437929,0.566005143459131,0.520766773162939,0.226010101010101,0.473416343626016,0.704799865548174
"250",25,5,1,10,663,322,980,609,0.766301722555527,0.363915094339623,0.525519388896998,0.52122641509434,0.247311827956989,0.44471724161831,0.725371540446738
